{
    "places": [
        {
            "name": "Macamongo",
            "geometry": [
                -12.855673213618077, -72.70141683443967
            ],
            "poligonArea":[
              [-12.8, -72.7],
              [51.5, -0.06]
            ]
        },
        {
          "name": "Circunvalación",
          "geometry": [
              -12.872037078947614, -72.6962653310772
          ],
          "poligonArea":[
            [21, -29],
            [32.5, -38]
          ]
        }
    ]
}
